

USE Car2Go
GO

--Insert data into LOCATION table
INSERT INTO LOCATION VALUES (1, 100, 'ST_CATHERINE E', NULL, 'MONTREAL', 'QC', 'A1B 2C2'),
							(2, 200, 'MAISONNEUVE O', NULL,'MONTREAL', 'QC', 'A2B 3D2'),
							(3, 1005, 'SHERBROOK O', 'A','MONTREAL', 'QC', 'E4B 3R5'),
							(4, 1000, 'MARINE DRIVE', NULL, 'LAVAL', 'QC', 'C7T 2Y6'),
							(5, 3000, 'BOUL. TASCHEREAU', NULL,'BROSSARD', 'QC', 'A1S 4U8');

SELECT * FROM LOCATION;


--Insert data into LOCATION_PHONE table
INSERT INTO LOCATION_PHONE VALUES (1, '514-1002222'),
								  (1, '514-2003333'),
								  (2, '514-3004444'),
								  (3, '514-4005555'),
								  (4, '450-1001234'),
								  (5, '450-2005678');


SELECT * FROM LOCATION_PHONE;



--Insert data into CLASS TABLE
INSERT INTO CLASS VALUES (1, 'SUBCOMPACTS', 'YES', $70.00),
						 (2, 'COMPACTS', 'YES', $90.00),
						 (3, 'SEDANS', 'YES', $110.00),
						 (4, 'LUXURY', 'YES', $130.00);


SELECT * FROM CLASS;



--Insert data into CAR table
INSERT INTO CAR VALUES ('A1234407889', 1, 'NISSAN', 'MICRA', 2022, 'WHITE', 2),
					   ('B2367189625', 2, 'TOYOTA', 'COROLLA', 2022, 'RED', 3),
					   ('C3456213458', 3, 'TOYOTA', 'HIGHLANDER', 2021, 'GREY', 4),
					   ('D4566781230', 4, 'BMW', 'X7', 2022, 'BLACK', 5),
					   ('E7638290732', 2, 'HONDA', 'ACCORD', 2021, 'BLUE', 1);


SELECT * FROM CAR;



--Insert data into CUSTOMER
INSERT INTO CUSTOMER VALUES ('C4006-011075-12', 'JOHN', 'CARTER', 45, 'ADEL', 4, 'MONTREAL', 'QUEBEC', 'H3K 2Y2', 'CANADA'),
							('G3002-041189-11', 'DAVID', 'GOYER', 23, 'BISHOP', 2, 'LAVAL', 'QUEBEC', 'J4E 7Y3', 'CANADA'),
							('F4172-100995-06', 'HENRI', 'FORD', 450, 'LAKE SHORE', NULL, 'LONDON', 'ONTARIO', 'K9O 0L1', 'CANADA'),
							('C6018-311299-37', 'JAMES', 'COBELT', 440, 'MAIN', NULL, 'WINDSOR', 'PEI', 'U8J 3S6', 'CANADA');
							

SELECT * FROM CUSTOMER;



--Insert value into RESERVATION TABLE
INSERT INTO RESERVATION VALUES ('C4006-011075-12', 1, '2022-06-10', 1, NULL),
							   ('G3002-041189-11', 2, '2022-05-27', 3, NULL),
							   ('F4172-100995-06', 3, '2021-06-04', 4, NULL),
							   ('C6018-311299-37', 4, '2022-06-16', 2, NULL);


SELECT * FROM RESERVATION;



--Insert data into CUSTOMER_PHONE TABLE
INSERT INTO CUSTOMER_PHONE (D_LICENSE_NUMBER, AREA_CODE, LOCAL_NUMBER) VALUES ('C4006-011075-12', 514, 9314430),
																			  ('C4006-011075-12', 514, 9314410),
																			  ('G3002-041189-11', 450, 6773400),
																			  ('G3002-041189-11', 450, 6773500),
																			  ('G3002-041189-11', 450, 6773600),
																			  ('F4172-100995-06', 416, 3578901),
																			  ('C6018-311299-37', 819, 1725500),
																			  ('C6018-311299-37', 819, 1725508);
								  
SELECT * FROM CUSTOMER_PHONE;



--Insert data into CUSTOMER_EMAIL table
INSERT INTO CUSTOMER_EMAIL VALUES ('C4006-011075-12', 'JOHNC@GMAIL.COM'),
								  ('C4006-011075-12', 'JOHNC2@YAHOO.COM'),
								  ('G3002-041189-11', '-'),
								  ('F4172-100995-06', 'FORDH@HOTMAIL.COM'),
								  ('C6018-311299-37', 'JAMES_C1@YAHOO.COM'),
								  ('C6018-311299-37', 'JAMES_C2@GMAIL.COM');


SELECT * FROM CUSTOMER_EMAIL;



--Insert data into RENTAL table
INSERT INTO RENTAL VALUES 
		('C4006-011075-12', 1, 1, 12300, 14540, 'QUARTER FULL', '2022-06-11', '2022-06-14', DATEDIFF(DAY,'2022-06-11', '2022-06-14'), 1, 3),
		('G3002-041189-11', 2, 3, 16720, 17580, 'HALF FULL', '2022-06-01', '2022-06-04', DATEDIFF(DAY,'2022-06-01','2022-06-04'), 4, 5),
	    ('F4172-100995-06', 3, 2, 8700, 9300, 'THREE QUARTER FULL', '2022-06-05', '2022-06-09', DATEDIFF(DAY,'2022-06-05', '2022-06-09'),2, 4),
		('C6018-311299-37', 4, 4, 2500, 4000, 'EMPTY', '2022-06-17', GETDATE(), DATEDIFF(DAY,'2022-06-17',GETDATE()), 3, 1);


SELECT * FROM RENTAL;



-- Insert data into PROMOTION table
INSERT INTO PROMOTION VALUES (4, 401, 40, '2022-06-16', GETDATE()), 
							 (3, 301, 40, '2022-05-25', '2022-06-01'),
							 (2, 201, 30, '2022-06-03', '2022-06-09'),
							 (1, 101, 50, '2022-06-10', '2022-06-15');
							 

SELECT * FROM PROMOTION;

							 

--Insert data into DROP_OFF_CHARGE table
INSERT INTO DROP_OFF_CHARGE VALUES 
			('C4006-011075-12', 1, 1001, 1, 'ABC-123', 101, (DATEDIFF(DAY, '2022-06-11','2022-06-14')*70)* 0.50, '2022-06-14'),
			('G3002-041189-11', 2, 1002, 3, 'XYZ-456', 301, (DATEDIFF(DAY, '2022-06-01','2022-06-04')*110)* 0.60, '2022-06-04'),
			('F4172-100995-06', 3, 1003, 2, 'CDE-789', 201, (DATEDIFF(DAY, '2022-06-05','2022-06-09')*90)* 0.70, '2022-06-09'),
			('C6018-311299-37', 4, 1004, 4, 'FRS-209', 401, (DATEDIFF(DAY, '2022-06-17',GETDATE())*130)* 0.60, GETDATE());


SELECT * FROM DROP_OFF_CHARGE;